model,mae,rmse,r2
sbert_ridge,0.26735132932662964,0.35949130871338,0.1048727035522461
